"Date","Territory","Eggs","Young","Fledged","Banded","Total_Obs_Num","Notes","Year","jday","MaxNestlings","Addled","Occupied","jday_peak","jday_away","row_num","n_rows","mean_band_age","jday.hatched","nest_age","siteid","yearid","jday_away_sc","nest_age_sc"
"2022-04-25","#8 FENCE",NA,NA,NA,NA,"0","",2022,115,NA,"No",0,129,-14,1,1,NA,NA,NA,1,1,-1.02402694543006,NA
"2023-04-19","#8 FENCE",NA,NA,NA,NA,"0","",2023,109,NA,"No",0,125,-16,1,1,NA,NA,NA,1,2,-1.10777431730936,NA
"2022-04-28","B-1",NA,NA,NA,NA,"1","Male right: 804-17590, male left: black 5/2. Floater male?",2022,118,NA,"No",1,129,-11,1,2,NA,NA,NA,2,1,-0.898405887611107,NA
"2022-05-26","B-1",NA,NA,NA,NA,"0","",2022,146,NA,"No",0,129,17,2,2,NA,NA,NA,2,1,0.274057318699115,NA
"2023-04-20","B-1",NA,NA,NA,NA,"0","",2023,110,NA,"No",0,125,-15,1,1,NA,NA,NA,2,2,-1.06590063136971,NA
"2024-04-30","B-1",NA,NA,NA,NA,"2","",2024,121,NA,"No",1,123,-2,1,3,NA,NA,-2,2,3,-0.52154271415425,-0.75646669253596
"2024-05-21","B-1",NA,2,NA,2,"2","Collected two egg shell samples, banded two nestlings (both male).",2024,142,2,"No",1,123,19,2,3,19,123,19,2,3,0.357804690578417,0.293611648458873
"2024-05-30","B-1",NA,NA,2,NA,"2","Two 28 d.o. fledglings.",2024,151,2,"No",1,123,28,3,3,NA,NA,28,2,3,0.734667864035274,0.743645223170944
"2022-04-23","BAHIA (W)",NA,NA,NA,NA,"0","Checked camera.",2022,113,NA,"No",0,129,-16,1,2,NA,NA,NA,3,1,-1.10777431730936,NA
"2022-06-01","BAHIA (W)",NA,NA,NA,NA,"2","Two lone females.",2022,152,NA,"No",1,129,23,2,2,NA,NA,NA,3,1,0.52529943433702,NA
"2023-04-28","BAHIA (W)",NA,NA,NA,NA,"0","",2023,118,NA,"No",0,125,-7,1,3,NA,NA,NA,3,2,-0.730911143852504,NA
"2023-05-29","BAHIA (W)",NA,NA,NA,NA,"0","",2023,149,NA,"No",0,125,24,2,3,NA,NA,NA,3,2,0.56717312027667,NA
"2023-07-14","BAHIA (W)",NA,NA,NA,NA,"0","",2023,195,NA,"No",0,125,70,3,3,NA,NA,NA,3,2,2.49336267350061,NA
"2024-04-18","BAHIA (W)",NA,NA,NA,NA,"0","",2024,109,NA,"No",0,123,-14,1,1,NA,NA,NA,3,3,-1.02402694543006,NA
"2022-04-18","BAYSIDE LOOP",NA,NA,NA,NA,"0","",2022,108,NA,"No",0,129,-21,1,3,NA,NA,NA,4,1,-1.31714274700762,NA
"2022-05-01","BAYSIDE LOOP",NA,NA,NA,NA,"1","Lone female.",2022,121,NA,"No",1,129,-8,2,3,NA,NA,NA,4,1,-0.772784829792155,NA
"2022-06-06","BAYSIDE LOOP",NA,NA,NA,NA,"1","Lond adult female on nest structure.",2022,157,NA,"No",1,129,28,3,3,NA,NA,NA,4,1,0.734667864035274,NA
"2023-04-25","BAYSIDE LOOP",NA,NA,NA,NA,"1","Lone adult female.",2023,115,NA,"No",1,125,-10,1,6,NA,NA,NA,4,2,-0.856532201671456,NA
"2023-04-25","BAYSIDE LOOP",NA,NA,NA,NA,"1","Lone female obs, but no time stamps other than start time.",2023,115,NA,"No",1,125,-10,2,6,NA,NA,NA,4,2,-0.856532201671456,NA
"2023-05-02","BAYSIDE LOOP",NA,NA,NA,NA,"1","",2023,122,NA,"No",1,125,-3,4,6,NA,NA,NA,4,2,-0.563416400093901,NA
"2023-05-05","BAYSIDE LOOP",NA,NA,NA,NA,"2","Territory not occupied. Lone female, with Shrimp Farm male.",2023,125,NA,"No",1,125,0,5,6,NA,NA,NA,4,2,-0.437795342274949,NA
"2023-05-26","BAYSIDE LOOP",NA,NA,NA,NA,"2","Lone female, but Shrimp Farm male is hanging w her.",2023,146,NA,"No",1,125,21,6,6,NA,NA,NA,4,2,0.441552062457718,NA
"2024-04-16","BAYSIDE LOOP",NA,NA,NA,NA,"1","",2024,107,NA,"No",1,123,-16,1,12,NA,NA,NA,4,3,-1.10777431730936,NA
"2024-05-12","BAYSIDE LOOP",NA,NA,NA,NA,"0","",2024,133,NA,"No",0,123,10,4,12,NA,NA,NA,4,3,-0.0190584828784406,NA
"2024-05-30","BAYSIDE LOOP",NA,NA,NA,NA,"2","Young unbanded, female (I think...) observed perched on fence dividing LANWR from the airport. There is another adult AF (I believe male) besider her. Cannot read bands.",2024,151,NA,"No",1,123,28,6,12,NA,NA,NA,4,3,0.734667864035274,NA
"2024-06-06","BAYSIDE LOOP",NA,NA,NA,NA,"0","Did not see Bayside Loop female on this stretch.",2024,158,NA,"No",0,123,35,9,12,NA,NA,NA,4,3,1.02778366561283,NA
"2024-06-09","BAYSIDE LOOP",NA,NA,NA,NA,"0","",2024,161,NA,"No",0,123,38,12,12,NA,NA,NA,4,3,1.15340472343178,NA
"2023-04-20","BOATHOUSE",NA,NA,NA,NA,"0","",2023,110,NA,"No",0,125,-15,1,1,NA,NA,NA,5,2,-1.06590063136971,NA
"2024-04-30","BOATHOUSE",NA,NA,NA,NA,"0","",2024,121,NA,"No",0,123,-2,1,1,NA,NA,NA,5,3,-0.52154271415425,NA
"2022-04-30","BOCA CHICA (E)",NA,NA,NA,NA,"0","Vacant.",2022,120,NA,"No",0,129,-9,1,2,NA,NA,NA,6,1,-0.814658515731806,NA
"2022-05-31","BOCA CHICA (E)",NA,NA,NA,NA,"0","Vacant.",2022,151,NA,"No",0,129,22,2,2,NA,NA,NA,6,1,0.483425748397369,NA
"2023-04-18","BOCA CHICA (E)",NA,NA,NA,NA,"1","Lone female.",2023,108,NA,"No",1,125,-17,1,1,NA,NA,NA,6,2,-1.14964800324901,NA
"2024-04-19","BOCA CHICA (E)",NA,NA,NA,NA,"2","In ""new"" boca chica (E) nest structure.",2024,110,NA,"No",1,123,-13,1,9,NA,NA,NA,6,3,-0.982153259490409,NA
"2024-04-26","BOCA CHICA (E)",NA,NA,NA,NA,"2","",2024,117,NA,"No",1,123,-6,3,9,NA,NA,NA,6,3,-0.689037457912853,NA
"2024-05-16","BOCA CHICA (E)",NA,NA,NA,NA,"2","She appears to still be incubating. Laying in nest, and I do not see chicks.",2024,137,NA,"No",1,123,14,5,9,NA,NA,NA,6,3,0.148436260880163,NA
"2024-05-25","BOCA CHICA (E)",NA,3,NA,NA,"2","Three nestlings, 11-12 d.o. ",2024,146,3,"No",1,123,23,7,9,NA,NA,NA,6,3,0.52529943433702,NA
"2024-06-10","BOCA CHICA (E)",NA,NA,3,NA,"2","Three fledglings visible in nest structure. Both parents about.",2024,162,3,"No",1,123,39,9,9,NA,NA,NA,6,3,1.19527840937143,NA
"2022-04-30","BOCA CHICA (W)",NA,NA,NA,NA,"2","Male: no bands. Female right: 1005-28544, female left: Black B/O",2022,120,NA,"No",1,129,-9,1,4,NA,NA,-25,7,1,-0.814658515731806,-1.90655249457792
"2022-05-31","BOCA CHICA (W)",NA,2,NA,NA,"2","Two 7-10 day old nestlings.",2022,151,2,"No",1,129,22,2,4,NA,NA,6,7,1,0.483425748397369,-0.356436848347452
"2022-06-08","BOCA CHICA (W)",NA,2,NA,2,"1","Banded two nestlings.",2022,159,2,"No",1,129,30,3,4,14,145,14,7,1,0.818415235914575,0.0435929958410553
"2022-06-22","BOCA CHICA (W)",NA,NA,2,NA,"2","Flegded two.",2022,173,2,"No",1,129,44,4,4,NA,NA,28,7,1,1.40464683906969,0.743645223170944
"2023-04-18","BOCA CHICA (W)",NA,NA,NA,NA,"0","Not occupied.",2023,108,NA,"No",0,125,-17,1,1,NA,NA,NA,7,2,-1.14964800324901,NA
"2024-04-19","BOCA CHICA (W)",NA,NA,NA,NA,"0","2 WTHs perched on nest structure.",2024,110,NA,"No",0,123,-13,1,8,NA,NA,NA,7,3,-0.982153259490409,NA
"2024-04-26","BOCA CHICA (W)",NA,NA,NA,NA,"0","",2024,117,NA,"No",0,123,-6,3,8,NA,NA,NA,7,3,-0.689037457912853,NA
"2024-05-12","BOCA CHICA (W)",NA,NA,NA,NA,"0","",2024,133,NA,"No",0,123,10,4,8,NA,NA,NA,7,3,-0.0190584828784406,NA
"2024-05-19","BOCA CHICA (W)",NA,NA,NA,NA,"0","",2024,140,NA,"No",0,123,17,6,8,NA,NA,NA,7,3,0.274057318699115,NA
"2024-06-10","BOCA CHICA (W)",NA,NA,NA,NA,"0","",2024,162,NA,"No",0,123,39,8,8,NA,NA,NA,7,3,1.19527840937143,NA
"2022-04-30","BORDER PATROL",NA,NA,NA,NA,"0","",2022,120,NA,"No",0,129,-9,1,1,NA,NA,NA,8,1,-0.814658515731806,NA
"2024-04-19","BORDER PATROL",NA,NA,NA,NA,"0","",2024,110,NA,"No",0,123,-13,1,5,NA,NA,NA,8,3,-0.982153259490409,NA
"2024-04-23","BORDER PATROL",NA,NA,NA,NA,"0","",2024,114,NA,"No",0,123,-9,2,5,NA,NA,NA,8,3,-0.814658515731806,NA
"2024-05-19","BORDER PATROL",NA,NA,NA,NA,"0","",2024,140,NA,"No",0,123,17,3,5,NA,NA,NA,8,3,0.274057318699115,NA
"2024-06-07","BORDER PATROL",NA,NA,NA,NA,"0","",2024,159,NA,"No",0,123,36,4,5,NA,NA,NA,8,3,1.06965735155248,NA
"2024-06-10","BORDER PATROL",NA,NA,NA,NA,"0","",2024,162,NA,"No",0,123,39,5,5,NA,NA,NA,8,3,1.19527840937143,NA
"2022-04-03","BORRACHO",NA,NA,NA,NA,"2","Wade observes pair and nesting/courtship behavior at nest box.",2022,93,NA,"No",1,129,-36,1,4,NA,NA,NA,9,1,-1.94524803610238,NA
"2022-04-25","BORRACHO",1,NA,NA,NA,"0","Appears to have failed.",2022,115,NA,"No",0,129,-14,2,4,NA,NA,NA,9,1,-1.02402694543006,NA
"2022-06-09","BORRACHO",NA,NA,NA,NA,"1","Report from WR.",2022,160,NA,"No",1,129,31,3,4,NA,NA,NA,9,1,0.860288921854226,NA
"2022-06-20","BORRACHO",1,NA,NA,NA,"0","Failed. Collected one addled egg.",2022,171,NA,"Yes",0,129,42,4,4,NA,NA,NA,9,1,1.32089946719038,NA
"2023-04-19","BORRACHO",NA,NA,NA,NA,"0","",2023,109,NA,"No",0,125,-16,1,3,NA,NA,NA,9,2,-1.10777431730936,NA
"2023-06-15","BORRACHO",NA,NA,2,NA,"2","Wade reports two fledglings and pair of banded adults.",2023,166,2,"No",1,125,41,2,3,NA,NA,NA,9,2,1.27902578125073,NA
"2023-06-21","BORRACHO",NA,NA,3,NA,"2","Wade reports three fledglings, same pair as above.",2023,172,3,"No",1,125,47,3,3,NA,NA,NA,9,2,1.53026789688864,NA
"2024-05-01","BORRACHO",NA,NA,NA,NA,"0","WR reports an AF hanging around nest structure in late March. We see no evidence of recently AF activity.",2024,122,NA,"No",0,123,-1,1,1,NA,NA,NA,9,3,-0.479669028214599,NA
"2022-04-23","CACTUS CREEK",NA,NA,NA,NA,"0","",2022,113,NA,"No",0,129,-16,1,1,NA,NA,NA,10,1,-1.10777431730936,NA
"2023-04-17","CACTUS CREEK",NA,NA,NA,NA,"0","",2023,107,NA,"No",0,125,-18,1,3,NA,NA,NA,10,2,-1.19152168918866,NA
"2023-05-31","CACTUS CREEK",NA,NA,NA,NA,"0","",2023,151,NA,"No",0,125,26,2,3,NA,NA,NA,10,2,0.650920492155972,NA
"2023-05-31","CACTUS CREEK",NA,NA,NA,NA,"0","",2023,151,NA,"No",0,125,26,3,3,NA,NA,NA,10,2,0.650920492155972,NA
"2024-05-04","CACTUS CREEK",NA,NA,NA,NA,"0","",2024,125,NA,"No",0,123,2,1,8,NA,NA,NA,10,3,-0.354047970395647,NA
"2024-05-13","CACTUS CREEK",NA,NA,NA,NA,"0","",2024,134,NA,"No",0,123,11,3,8,NA,NA,NA,10,3,0.0228152030612102,NA
"2024-05-14","CACTUS CREEK",NA,NA,NA,NA,"0","",2024,135,NA,"No",0,123,12,4,8,NA,NA,NA,10,3,0.0646888890008609,NA
"2024-05-17","CACTUS CREEK",NA,NA,NA,NA,"0","",2024,138,NA,"No",0,123,15,6,8,NA,NA,NA,10,3,0.190309946819813,NA
"2024-06-11","CACTUS CREEK",NA,NA,NA,NA,"0","",2024,163,NA,"No",0,123,40,8,8,NA,NA,NA,10,3,1.23715209531108,NA
"2022-04-28","CATTLE GUARD",NA,NA,NA,NA,"0","",2022,118,NA,"No",0,129,-11,1,1,NA,NA,NA,11,1,-0.898405887611107,NA
"2023-04-20","CATTLE GUARD",NA,NA,NA,NA,"0","",2023,110,NA,"No",0,125,-15,1,2,NA,NA,NA,11,2,-1.06590063136971,NA
"2023-05-23","CATTLE GUARD",NA,NA,NA,NA,"0","",2023,143,NA,"No",0,125,18,2,2,NA,NA,NA,11,2,0.315931004638766,NA
"2024-04-30","CATTLE GUARD",NA,NA,NA,NA,"0","",2024,121,NA,"No",0,123,-2,1,1,NA,NA,NA,11,3,-0.52154271415425,NA
"2022-04-19","CAYO ATASCOSO",NA,NA,NA,NA,"0","",2022,109,NA,"No",0,129,-20,1,2,NA,NA,NA,12,1,-1.27526906106796,NA
"2022-04-23","CAYO ATASCOSO",NA,NA,NA,NA,"0","",2022,113,NA,"No",0,129,-16,2,2,NA,NA,NA,12,1,-1.10777431730936,NA
"2023-04-17","CAYO ATASCOSO",NA,NA,NA,NA,"0","",2023,107,NA,"No",0,125,-18,1,2,NA,NA,NA,12,2,-1.19152168918866,NA
"2023-05-01","CAYO ATASCOSO",NA,NA,NA,NA,"0","",2023,121,NA,"No",0,125,-4,2,2,NA,NA,NA,12,2,-0.605290086033552,NA
"2024-04-20","CAYO ATASCOSO",NA,NA,NA,NA,"0","",2024,111,NA,"No",0,123,-12,1,16,NA,NA,NA,12,3,-0.940279573550758,NA
"2024-05-09","CAYO ATASCOSO",NA,NA,NA,NA,"0","",2024,130,NA,"No",0,123,7,5,16,NA,NA,NA,12,3,-0.144679540697393,NA
"2024-05-17","CAYO ATASCOSO",NA,NA,NA,NA,"0","",2024,138,NA,"No",0,123,15,8,16,NA,NA,NA,12,3,0.190309946819813,NA
"2024-06-11","CAYO ATASCOSO",NA,NA,NA,NA,"0","",2024,163,NA,"No",0,123,40,12,16,NA,NA,NA,12,3,1.23715209531108,NA
"2024-06-28","CAYO ATASCOSO",NA,NA,NA,NA,"1","Female (5/M) perched on yucca with a full crop.",2024,180,NA,"No",1,123,57,16,16,NA,NA,NA,12,3,1.94900475628515,NA
"2022-04-23","CROSSING 2",NA,NA,NA,NA,"2","Male right: 804-25905, male left: black I/S. Female right: 1005-28549, female left: black 9/D",2022,113,NA,"No",1,129,-16,1,3,NA,NA,-15,13,1,-1.10777431730936,-1.40651518934228
"2022-05-30","CROSSING 2",NA,2,NA,2,"1","Adult of unknown sex on nest upon arrival. Banded two 28 day old nestlings.",2022,150,2,"No",1,129,21,2,3,22,128,22,13,1,0.441552062457718,0.443622840029563
"2022-06-06","CROSSING 2",NA,NA,2,NA,"0","Both nestlings have fledged.",2022,157,2,"No",0,129,28,3,3,NA,NA,29,13,1,0.734667864035274,0.793648953694507
"2023-04-26","CROSSING 2",NA,NA,NA,NA,"?","Active and incubating. No further details.",2023,116,NA,"No",0,125,-9,1,5,NA,NA,-9,13,2,-0.814658515731806,-1.1064928062009
"2023-05-22","CROSSING 2",NA,2,NA,NA,"1","Two nestlings in structure.",2023,142,2,"No",1,125,17,2,5,NA,NA,17,13,2,0.274057318699115,0.193604187411746
"2023-05-26","CROSSING 2",NA,NA,NA,NA,"?","Still active. No further details in notes.",2023,146,NA,"No",0,125,21,3,5,NA,NA,21,13,2,0.441552062457718,0.393619109505999
"2023-05-31","CROSSING 2",NA,2,NA,2,"2","Banded two. End time estimated from notes.",2023,151,2,"No",1,125,26,4,5,26,123,26,13,2,0.650920492155972,0.643637762123817
"2023-06-03","CROSSING 2",NA,NA,2,NA,"1","Fledged two. Male not obs.",2023,154,2,"No",1,125,29,5,5,NA,NA,29,13,2,0.776541549974924,0.793648953694507
"2024-04-20","CROSSING 2",NA,NA,NA,NA,"2","",2024,111,NA,"No",1,123,-12,1,7,NA,NA,NA,13,3,-0.940279573550758,NA
"2024-04-25","CROSSING 2",NA,NA,NA,NA,"0","Terrible viewing conditions.",2024,116,NA,"No",0,123,-7,2,7,NA,NA,NA,13,3,-0.730911143852504,NA
"2024-05-23","CROSSING 2",NA,NA,NA,NA,"2","Unclear if active. Pair perched on yuccas, briefly fly to nest structure.",2024,144,NA,"No",1,123,21,4,7,NA,NA,NA,13,3,0.441552062457718,NA
"2024-06-14","CROSSING 2",2,NA,NA,NA,"1","Female on ground near nest structure when we arrive. Two eggs still in stucture. No male.",2024,166,NA,"No",1,123,43,6,7,NA,NA,NA,13,3,1.36277315313004,NA
"2024-06-28","CROSSING 2",2,NA,NA,NA,"0","Collected two addled eggs that did not hatch.",2024,180,NA,"Yes",0,123,57,7,7,NA,NA,NA,13,3,1.94900475628515,NA
"2022-04-28","D-35",NA,NA,NA,NA,"0","",2022,118,NA,"No",0,129,-11,1,2,NA,NA,NA,14,1,-0.898405887611107,NA
"2022-05-26","D-35",NA,NA,NA,NA,"0","",2022,146,NA,"No",0,129,17,2,2,NA,NA,NA,14,1,0.274057318699115,NA
"2023-04-20","D-35",NA,NA,NA,NA,"0","",2023,110,NA,"No",0,125,-15,1,6,NA,NA,NA,14,2,-1.06590063136971,NA
"2023-04-20","D-35",NA,NA,NA,NA,"1","APFA perched on nest structure. Sex not recorded.",2023,110,NA,"No",1,125,-15,2,6,NA,NA,NA,14,2,-1.06590063136971,NA
"2023-06-06","D-35",NA,NA,NA,NA,"2","Occupied, not active.",2023,157,NA,"No",1,125,32,4,6,NA,NA,NA,14,2,0.902162607793877,NA
"2023-06-06","D-35",NA,NA,NA,NA,"1","Appears Occupied by a late pair.",2023,157,NA,"No",1,125,32,5,6,NA,NA,NA,14,2,0.902162607793877,NA
"2023-07-20","D-35",NA,NA,NA,NA,"0","",2023,201,NA,"No",0,125,76,6,6,NA,NA,NA,14,2,2.74460478913851,NA
"2024-04-30","D-35",NA,NA,NA,NA,"2","",2024,121,NA,"No",1,123,-2,1,3,NA,NA,-8,14,3,-0.52154271415425,-1.05648907567734
"2024-05-21","D-35",NA,3,NA,NA,"2","Three nestlings 11-12 days old. Will band next week.",2024,142,3,"No",1,123,19,2,3,NA,NA,13,14,3,0.357804690578417,-0.00641073468250811
"2024-05-30","D-35",NA,3,NA,3,"2","Banded three male nestlings. 23, 22, and 22 d.o.",2024,151,3,"No",1,123,28,3,3,22,128,22,14,3,0.734667864035274,0.443622840029563
"2022-04-28","D-39",NA,NA,NA,NA,"2","Occupied and active.",2022,118,NA,"No",1,129,-11,1,4,NA,NA,-4,15,1,-0.898405887611107,-0.856474153583087
"2022-05-26","D-39",NA,2,NA,2,"3","Ad F in nest: Right 115/12567, left red/black 1/H. New female: Right: 1235-04006, left black 9/X. Banded two 24 day old nestlings.",2022,146,2,"No",1,129,17,2,4,24,122,24,15,1,0.274057318699115,0.54363030107669
"2022-05-26","D-39",NA,2,NA,NA,"1","Confirmed male has no bands.",2022,146,2,"No",1,129,17,3,4,24,122,24,15,1,0.274057318699115,0.54363030107669
"2022-06-02","D-39",NA,NA,2,NA,"1","One adult observed, sex unknown. Two fledglings visible.",2022,153,2,"No",1,129,24,4,4,NA,NA,31,15,1,0.56717312027667,0.893656414741634
"2023-04-20","D-39",NA,NA,NA,NA,"1","Lone male?",2023,110,NA,"No",1,125,-15,1,4,NA,NA,NA,15,2,-1.06590063136971,NA
"2023-05-23","D-39",NA,NA,NA,NA,"1","Lone male? No bands.",2023,143,NA,"No",1,125,18,2,4,NA,NA,NA,15,2,0.315931004638766,NA
"2023-06-06","D-39",NA,NA,NA,NA,"1","Not sure whats going on, here.",2023,157,NA,"No",1,125,32,3,4,NA,NA,NA,15,2,0.902162607793877,NA
"2023-07-20","D-39",NA,NA,NA,NA,"2","",2023,201,NA,"No",1,125,76,4,4,NA,NA,NA,15,2,2.74460478913851,NA
"2024-04-30","D-39",NA,NA,NA,NA,"2","Male incubating.",2024,121,NA,"No",1,123,-2,1,3,NA,NA,-14,15,3,-0.52154271415425,-1.35651145881872
"2024-05-21","D-39",NA,2,NA,NA,"2","Two 6-7 day old nestlings. Will band next week.",2024,142,2,"No",1,123,19,2,3,NA,NA,7,15,3,0.357804690578417,-0.306433117823889
"2024-05-30","D-39",NA,2,NA,2,"2","Banded two nestlings (16, 17 d.o.). One of each sex.",2024,151,2,"No",1,123,28,3,3,16,135,16,15,3,0.734667864035274,0.143600456888182
"2022-04-28","D-44",NA,NA,NA,NA,"2","Occupied and active.",2022,118,NA,"No",1,129,-11,1,3,NA,NA,-5,16,1,-0.898405887611107,-0.90647788410665
"2022-05-26","D-44",NA,2,NA,2,"2","Banded two 23 day old nestlings.",2022,146,2,"No",1,129,17,2,3,23,123,23,16,1,0.274057318699115,0.493626570553126
"2022-06-02","D-44",NA,NA,2,NA,"1","Two fledglings visible.",2022,153,2,"No",1,129,24,3,3,NA,NA,30,16,1,0.56717312027667,0.843652684218071
"2023-04-20","D-44",NA,NA,NA,NA,"2","Occupied and active.",2023,110,NA,"No",1,125,-15,1,3,NA,NA,-8,16,2,-1.06590063136971,-1.05648907567734
"2023-05-23","D-44",NA,1,NA,1,"2","One nestling banded.",2023,143,1,"No",1,125,18,2,3,25,118,25,16,2,0.315931004638766,0.593634031600253
"2023-06-06","D-44",NA,NA,1,NA,"2","Fledged one.",2023,157,1,"No",1,125,32,3,3,NA,NA,39,16,2,0.902162607793877,1.29368625893014
"2024-04-30","D-44",NA,3,NA,NA,"2","",2024,121,3,"No",1,123,-2,1,3,NA,NA,7,16,3,-0.52154271415425,-0.306433117823889
"2024-05-21","D-44",NA,3,NA,3,"2","Banded three nestlings, aggressive adult female.",2024,142,3,"No",1,123,19,2,3,28,114,28,16,3,0.357804690578417,0.743645223170944
"2024-05-30","D-44",NA,NA,3,NA,"2","Fledged three young (37 d.o.).",2024,151,3,"No",1,123,28,3,3,NA,NA,37,16,3,0.734667864035274,1.19367879788301
"2022-05-02","EAST FOUNDATION (N)",NA,NA,NA,NA,"0","No sign of use. Memory card swap.",2022,122,NA,"No",0,129,-7,1,1,NA,NA,NA,17,1,-0.730911143852504,NA
"2023-07-14","EAST FOUNDATION (N)",NA,NA,NA,NA,"0","",2023,195,NA,"No",0,125,70,1,1,NA,NA,NA,17,2,2.49336267350061,NA
"2024-04-24","EAST FOUNDATION (N)",NA,NA,NA,NA,"0","",2024,115,NA,"No",0,123,-8,1,1,NA,NA,NA,17,3,-0.772784829792155,NA
"2022-05-02","EAST FOUNDATION (S)",NA,NA,NA,NA,"0","Memory card swap.",2022,122,NA,"No",0,129,-7,1,1,NA,NA,NA,18,1,-0.730911143852504,NA
"2023-07-14","EAST FOUNDATION (S)",NA,NA,NA,NA,"0","",2023,195,NA,"No",0,125,70,1,1,NA,NA,NA,18,2,2.49336267350061,NA
"2024-04-24","EAST FOUNDATION (S)",NA,NA,NA,NA,"0","",2024,115,NA,"No",0,123,-8,1,1,NA,NA,NA,18,3,-0.772784829792155,NA
"2022-05-02","EL SAUZ",NA,NA,NA,NA,"0","Some mutes on nest structure.",2022,122,NA,"No",0,129,-7,1,1,NA,NA,NA,19,1,-0.730911143852504,NA
"2023-05-04","EL SAUZ",NA,NA,NA,NA,"0","Saw a flamingo!!",2023,124,NA,"No",0,125,-1,1,1,NA,NA,NA,19,2,-0.479669028214599,NA
"2024-04-24","EL SAUZ",NA,NA,NA,NA,"1","",2024,115,NA,"No",1,123,-8,1,2,NA,NA,NA,19,3,-0.772784829792155,NA
"2024-06-14","EL SAUZ",NA,NA,NA,NA,"0","No AFs near nest structure, drove around a bit and saw nothing.",2024,166,NA,"No",0,123,43,2,2,NA,NA,NA,19,3,1.36277315313004,NA
"2022-04-23","FM 106",NA,NA,NA,NA,"0","Vacant.",2022,113,NA,"No",0,129,-16,1,3,NA,NA,NA,20,1,-1.10777431730936,NA
"2022-04-23","FM 106",NA,NA,NA,NA,"0","Collected SD card.",2022,113,NA,"No",0,129,-16,2,3,NA,NA,NA,20,1,-1.10777431730936,NA
"2022-05-30","FM 106",NA,NA,NA,NA,"1","Lone female. Right: 1005-28589, left: BK 7/A",2022,150,NA,"No",1,129,21,3,3,NA,NA,NA,20,1,0.441552062457718,NA
"2023-04-21","FM 106",NA,NA,NA,NA,"1","Lone, second year female. Not active.",2023,111,NA,"No",1,125,-14,1,3,NA,NA,NA,20,2,-1.02402694543006,NA
"2023-05-31","FM 106",NA,NA,NA,NA,"0","",2023,151,NA,"No",0,125,26,2,3,NA,NA,NA,20,2,0.650920492155972,NA
"2023-07-14","FM 106",NA,NA,NA,NA,"1","Lone female.",2023,195,NA,"No",1,125,70,3,3,NA,NA,NA,20,2,2.49336267350061,NA
"2024-04-20","FM 106",NA,NA,NA,NA,"1","",2024,111,NA,"No",1,123,-12,1,2,NA,NA,NA,20,3,-0.940279573550758,NA
"2024-04-25","FM 106",NA,NA,NA,NA,"1","",2024,116,NA,"No",1,123,-7,2,2,NA,NA,NA,20,3,-0.730911143852504,NA
"2022-04-20","GOOSE FLATS",NA,NA,NA,NA,"0","Seven OSPR on and around nest box.",2022,110,NA,"No",0,129,-19,1,1,NA,NA,NA,21,1,-1.23339537512831,NA
"2023-04-17","GOOSE FLATS",NA,NA,NA,NA,"0","",2023,107,NA,"No",0,125,-18,1,4,NA,NA,NA,21,2,-1.19152168918866,NA
"2023-05-01","GOOSE FLATS",NA,NA,NA,NA,"0","",2023,121,NA,"No",0,125,-4,2,4,NA,NA,NA,21,2,-0.605290086033552,NA
"2023-05-31","GOOSE FLATS",NA,NA,NA,NA,"0","",2023,151,NA,"No",0,125,26,3,4,NA,NA,NA,21,2,0.650920492155972,NA
"2023-07-14","GOOSE FLATS",NA,NA,NA,NA,"0","No time indicated.",2023,195,NA,"No",0,125,70,4,4,NA,NA,NA,21,2,2.49336267350061,NA
"2024-04-16","GOOSE FLATS",NA,NA,NA,NA,"0","",2024,107,NA,"No",0,123,-16,1,1,NA,NA,NA,21,3,-1.10777431730936,NA
"2022-04-25","GOOSE HOLE",NA,NA,NA,NA,"0","",2022,115,NA,"No",0,129,-14,1,1,NA,NA,NA,22,1,-1.02402694543006,NA
"2023-04-19","GOOSE HOLE",NA,NA,NA,NA,"0","",2023,109,NA,"No",0,125,-16,1,1,NA,NA,NA,22,2,-1.10777431730936,NA
"2022-04-28","HAUS CORRAL",NA,NA,NA,NA,"1","Lond adult male seen betweed Haus Corral and Cattle Gaurds. Closer to Hause Corral. Male right: 804-17583, male left: black 8/8.",2022,118,NA,"No",1,129,-11,1,5,NA,NA,NA,23,1,-0.898405887611107,NA
"2022-05-26","HAUS CORRAL",NA,NA,NA,NA,"1","One adult male observed; no bands.Observed earlier in day when leaving Railroad Tie.",2022,146,NA,"No",1,129,17,2,5,NA,NA,NA,23,1,0.274057318699115,NA
"2022-06-02","HAUS CORRAL",NA,NA,NA,NA,"2","Still appears active. Male right: 804-17583, male left: BK 8/8. Female right: 1005-13245, female left: BK V/1",2022,153,NA,"No",1,129,24,3,5,NA,NA,NA,23,1,0.56717312027667,NA
"2022-06-02","HAUS CORRAL",NA,NA,1,NA,"2","",2022,153,1,"No",1,129,24,4,5,NA,NA,NA,23,1,0.56717312027667,NA
"2022-06-17","HAUS CORRAL",NA,NA,1,NA,"2","Obs time not recorded.",2022,168,1,"No",1,129,39,5,5,NA,NA,NA,23,1,1.19527840937143,NA
"2023-04-20","HAUS CORRAL",NA,NA,NA,NA,"1","Nesting?",2023,110,NA,"No",1,125,-15,1,5,NA,NA,NA,23,2,-1.06590063136971,NA
"2023-05-23","HAUS CORRAL",NA,NA,NA,NA,"1","Assumed female is in natural nest, and territory is active.",2023,143,NA,"No",1,125,18,2,5,NA,NA,NA,23,2,0.315931004638766,NA
"2023-05-23","HAUS CORRAL",NA,NA,NA,NA,"2","Using natural nest.",2023,143,NA,"No",1,125,18,3,5,NA,NA,NA,23,2,0.315931004638766,NA
"2023-06-06","HAUS CORRAL",NA,NA,1,NA,"2","Fledged >=1",2023,157,1,"No",1,125,32,4,5,NA,NA,NA,23,2,0.902162607793877,NA
"2023-07-20","HAUS CORRAL",NA,NA,1,NA,"2","One fledged, remains of other nestling found in nest.",2023,201,1,"No",1,125,76,5,5,NA,NA,NA,23,2,2.74460478913851,NA
"2024-04-30","HAUS CORRAL",NA,NA,NA,NA,"2","",2024,121,NA,"No",1,123,-2,1,3,NA,NA,-4,23,3,-0.52154271415425,-0.856474153583087
"2024-05-21","HAUS CORRAL",NA,2,NA,2,"2","Banded one male and one female nestling. Ad male (R: 804-17583, L: BK 8/8). Ad female (R: 1235-04011, L: BK 5/K).",2024,142,2,"No",1,123,19,2,3,17,125,17,23,3,0.357804690578417,0.193604187411746
"2024-05-30","HAUS CORRAL",1,NA,2,NA,"2","Two 26 d.o. chicks, calling ""fledged"", as DNSR is quite high for species. One addled eg collected (1.1.11.24).",2024,151,2,"Yes",1,123,28,3,3,NA,NA,26,23,3,0.734667864035274,0.643637762123817
"2022-04-28","HEADQUARTERS",0,NA,NA,NA,"2","Both unbanded.",2022,118,NA,"No",1,129,-11,1,3,NA,NA,NA,24,1,-0.898405887611107,NA
"2022-06-02","HEADQUARTERS",NA,NA,NA,NA,"1","Ad male observed 1200m NE of nest structure. RIght: 804-17590, left: BK 5/2",2022,153,NA,"No",1,129,24,2,3,NA,NA,NA,24,1,0.56717312027667,NA
"2022-06-02","HEADQUARTERS",NA,NA,NA,NA,"2","Pair at nest. No bands.",2022,153,NA,"No",1,129,24,3,3,NA,NA,NA,24,1,0.56717312027667,NA
"2023-04-20","HEADQUARTERS",NA,NA,NA,NA,"2","Male unbanded, can/t get females bands. Occupied and active.",2023,110,NA,"No",1,125,-15,1,3,NA,NA,NA,24,2,-1.06590063136971,NA
"2023-05-23","HEADQUARTERS",1,NA,NA,NA,"2","One egg obs in nest.",2023,143,NA,"No",1,125,18,2,3,NA,NA,NA,24,2,0.315931004638766,NA
"2023-07-20","HEADQUARTERS",1,NA,NA,NA,"0","Collected one addled egg.",2023,201,NA,"Yes",0,125,76,3,3,NA,NA,NA,24,2,2.74460478913851,NA
"2024-04-30","HEADQUARTERS",NA,NA,NA,NA,"2","Male incubating. All pairs on Matagorda Island are nesting in structures.",2024,121,NA,"No",1,123,-2,1,3,NA,NA,-3,24,3,-0.52154271415425,-0.806470423059523
"2024-05-21","HEADQUARTERS",NA,2,NA,2,"2","Banded one female, two males. BK Male was 600th processed.",2024,142,2,"No",1,123,19,2,3,18,124,18,24,3,0.357804690578417,0.243607917935309
"2024-05-30","HEADQUARTERS",NA,NA,3,NA,"2","Three ""fledgled"" (27 d.o.).",2024,151,3,"No",1,123,28,3,3,NA,NA,27,24,3,0.734667864035274,0.69364149264738
"2022-04-30","HIGHWAY 4",NA,NA,NA,NA,"0","",2022,120,NA,"No",0,129,-9,1,2,NA,NA,NA,25,1,-0.814658515731806,NA
"2022-05-31","HIGHWAY 4",NA,NA,NA,NA,"0","Vacant.",2022,151,NA,"No",0,129,22,2,2,NA,NA,NA,25,1,0.483425748397369,NA
"2023-04-18","HIGHWAY 4",NA,NA,NA,NA,"2","Looks to be laying/active. Female right:1115-13569, female left: GR/BK 1/P. Male unbanded.",2023,108,NA,"No",1,125,-17,1,5,NA,NA,-34,25,2,-1.14964800324901,-2.35658606928999
"2023-05-01","HIGHWAY 4",NA,NA,NA,NA,"2","",2023,121,NA,"No",1,125,-4,2,5,NA,NA,-21,25,2,-0.605290086033552,-1.70653757248367
"2023-05-22","HIGHWAY 4",NA,NA,NA,NA,"1","Incubating or brooding.",2023,142,NA,"No",1,125,17,3,5,NA,NA,0,25,2,0.274057318699115,-0.656459231488833
"2023-05-27","HIGHWAY 4",NA,3,NA,NA,"1","Three nestlings.",2023,147,3,"No",1,125,22,4,5,NA,NA,5,25,2,0.483425748397369,-0.406440578871016
"2023-06-14","HIGHWAY 4",NA,3,NA,3,"2","Banded three nestlings wiht NWR folks.",2023,165,3,"No",1,125,40,5,5,23,142,23,25,2,1.23715209531108,0.493626570553126
"2024-04-19","HIGHWAY 4",NA,NA,NA,NA,"0","",2024,110,NA,"No",0,123,-13,1,9,NA,NA,NA,25,3,-0.982153259490409,NA
"2024-04-23","HIGHWAY 4",NA,NA,NA,NA,"0","",2024,114,NA,"No",0,123,-9,3,9,NA,NA,NA,25,3,-0.814658515731806,NA
"2024-05-07","HIGHWAY 4",NA,NA,NA,NA,"0","Survey area thoroughly, but no signs of any AF.",2024,128,NA,"No",0,123,5,5,9,NA,NA,NA,25,3,-0.228426912576695,NA
"2024-05-16","HIGHWAY 4",NA,NA,NA,NA,"0","",2024,137,NA,"No",0,123,14,7,9,NA,NA,NA,25,3,0.148436260880163,NA
"2024-06-07","HIGHWAY 4",NA,NA,NA,NA,"0","",2024,159,NA,"No",0,123,36,9,9,NA,NA,NA,25,3,1.06965735155248,NA
"2024-04-18","HIGHWAY 48",NA,NA,NA,NA,"0","",2024,109,NA,"No",0,123,-14,1,4,NA,NA,NA,26,3,-1.02402694543006,NA
"2024-04-28","HIGHWAY 48",NA,NA,NA,NA,"0","Cara cara nest in Highway 48 nest structure.",2024,119,NA,"No",0,123,-4,2,4,NA,NA,NA,26,3,-0.605290086033552,NA
"2024-05-30","HIGHWAY 48",NA,NA,NA,NA,"0","Pair of Caracaras on nest structure. One appears to be laying down inside.",2024,151,NA,"No",0,123,28,3,4,NA,NA,NA,26,3,0.734667864035274,NA
"2024-06-13","HIGHWAY 48",NA,NA,NA,NA,"0","",2024,165,NA,"No",0,123,42,4,4,NA,NA,NA,26,3,1.32089946719038,NA
"2022-04-20","LA CLINICA",NA,NA,NA,NA,"0","",2022,110,NA,"No",0,129,-19,1,2,NA,NA,NA,27,1,-1.23339537512831,NA
"2022-04-30","LA CLINICA",NA,NA,NA,NA,"0","Quick stop.",2022,120,NA,"No",0,129,-9,2,2,NA,NA,NA,27,1,-0.814658515731806,NA
"2023-04-23","LA CLINICA",NA,NA,NA,NA,"1","Lone female.",2023,113,NA,"No",1,125,-12,1,2,NA,NA,NA,27,2,-0.940279573550758,NA
"2023-06-03","LA CLINICA",NA,NA,NA,NA,"0","",2023,154,NA,"No",0,125,29,2,2,NA,NA,NA,27,2,0.776541549974924,NA
"2022-04-25","LAST WINDMILL",NA,NA,NA,NA,"0","",2022,115,NA,"No",0,129,-14,1,1,NA,NA,NA,28,1,-1.02402694543006,NA
"2023-04-19","LAST WINDMILL",NA,NA,NA,NA,"0","",2023,109,NA,"No",0,125,-16,1,1,NA,NA,NA,28,2,-1.10777431730936,NA
"2022-04-28","LIGHTHOUSE",NA,NA,NA,NA,"2","Female right: 1005-28578, female left: black 9/E.",2022,118,NA,"No",1,129,-11,1,4,NA,NA,-18,29,1,-0.898405887611107,-1.55652638091298
"2022-05-26","LIGHTHOUSE",1,2,NA,NA,"1","Nestlings too young to band. One addled",2022,146,2,"Yes",1,129,17,2,4,NA,NA,10,29,1,0.274057318699115,-0.156421926253198
"2022-06-02","LIGHTHOUSE",NA,2,NA,2,"2","Banded two 17 day old nestlings.",2022,153,2,"No",1,129,24,3,4,17,136,17,29,1,0.56717312027667,0.193604187411746
"2022-06-17","LIGHTHOUSE",NA,NA,2,NA,"1","Fledged two. Obs time not recorded.",2022,168,2,"No",1,129,39,4,4,NA,NA,32,29,1,1.19527840937143,0.943660145265197
"2023-04-20","LIGHTHOUSE",NA,NA,NA,NA,"0","",2023,110,NA,"No",0,125,-15,1,2,NA,NA,NA,29,2,-1.06590063136971,NA
"2023-05-23","LIGHTHOUSE",NA,NA,NA,NA,"0","",2023,143,NA,"No",0,125,18,2,2,NA,NA,NA,29,2,0.315931004638766,NA
"2024-04-30","LIGHTHOUSE",NA,NA,NA,NA,"2","Female band: 2035-04-034. She is a 2023 hatch.",2024,121,NA,"No",1,123,-2,1,3,NA,NA,NA,29,3,-0.52154271415425,NA
"2024-05-21","LIGHTHOUSE",2,NA,NA,NA,"2","Active and incubating.",2024,142,NA,"No",1,123,19,2,3,NA,NA,NA,29,3,0.357804690578417,NA
"2024-05-30","LIGHTHOUSE",2,NA,NA,NA,"2"," She still appears to be incubating two eggs.",2024,151,NA,"No",1,123,28,3,3,NA,NA,NA,29,3,0.734667864035274,NA
"2022-04-28","LIGHTHOUSE (N)",NA,NA,NA,NA,"0","",2022,118,NA,"No",0,129,-11,1,2,NA,NA,NA,30,1,-0.898405887611107,NA
"2022-06-02","LIGHTHOUSE (N)",NA,NA,NA,NA,"0","Swapped SD card.",2022,153,NA,"No",0,129,24,2,2,NA,NA,NA,30,1,0.56717312027667,NA
"2023-04-20","LIGHTHOUSE (N)",NA,NA,NA,NA,"0","",2023,110,NA,"No",0,125,-15,1,3,NA,NA,NA,30,2,-1.06590063136971,NA
"2023-05-23","LIGHTHOUSE (N)",NA,NA,NA,NA,"0","",2023,143,NA,"No",0,125,18,2,3,NA,NA,NA,30,2,0.315931004638766,NA
"2023-07-20","LIGHTHOUSE (N)",NA,NA,NA,NA,"0","",2023,201,NA,"No",0,125,76,3,3,NA,NA,NA,30,2,2.74460478913851,NA
"2024-04-30","LIGHTHOUSE (N)",NA,NA,NA,NA,"0","",2024,121,NA,"No",0,123,-2,1,1,NA,NA,NA,30,3,-0.52154271415425,NA
"2022-04-30","LOMA ALTA/TRAP SHOOT",NA,NA,NA,NA,"0","Vacant.",2022,120,NA,"No",0,129,-9,1,1,NA,NA,NA,31,1,-0.814658515731806,NA
"2023-04-23","LOMA ALTA/TRAP SHOOT",NA,NA,NA,NA,"0","",2023,113,NA,"No",0,125,-12,1,1,NA,NA,NA,31,2,-0.940279573550758,NA
"2024-04-17","LOMA ALTA/TRAP SHOOT",NA,NA,NA,NA,"2","New 2024 territory. In a  natural nest.",2024,108,NA,"No",1,123,-15,1,5,NA,NA,NA,31,3,-1.06590063136971,NA
"2024-04-17","LOMA ALTA/TRAP SHOOT",NA,NA,NA,NA,"0","",2024,108,NA,"No",0,123,-15,2,5,NA,NA,NA,31,3,-1.06590063136971,NA
"2024-05-26","LOMA ALTA/TRAP SHOOT",NA,3,NA,NA,"2","Three 9-10 d.o. nestlings observed. Adults cooperatively hunting, and caching prey.",2024,147,3,"No",1,123,24,3,5,NA,NA,NA,31,3,0.56717312027667,NA
"2024-06-15","LOMA ALTA/TRAP SHOOT",NA,2,1,NA,"2","Two nestlings 25-26 days old. One 28 days old and considered fledged.",2024,167,2,"No",1,123,44,4,5,NA,NA,NA,31,3,1.40464683906969,NA
"2024-06-16","LOMA ALTA/TRAP SHOOT",NA,NA,3,NA,"2","Likely underestimated fledglings age by a couple of days yesterday due to lighting. All young appear to have fledged.",2024,168,3,"No",1,123,45,5,5,NA,NA,NA,31,3,1.44652052500934,NA
"2022-04-25","LONG LAKE",NA,NA,NA,NA,"0","",2022,115,NA,"No",0,129,-14,1,3,NA,NA,NA,32,1,-1.02402694543006,NA
"2022-06-09","LONG LAKE",NA,NA,NA,NA,"2","Report from WR.",2022,160,NA,"No",1,129,31,2,3,NA,NA,NA,32,1,0.860288921854226,NA
"2022-06-20","LONG LAKE",NA,NA,NA,NA,"2","Obs ad pair. Male right: 1235-04016, male left: BK E/1. Female right?, female left: BK 7/V",2022,171,NA,"No",1,129,42,3,3,NA,NA,NA,32,1,1.32089946719038,NA
"2023-04-19","LONG LAKE",NA,NA,NA,NA,"0","",2023,109,NA,"No",0,125,-16,1,1,NA,NA,NA,32,2,-1.10777431730936,NA
"2024-05-01","LONG LAKE",NA,NA,NA,NA,"0","",2024,122,NA,"No",0,123,-1,1,1,NA,NA,NA,32,3,-0.479669028214599,NA
"2022-04-30","MARTIN/ANDERSON",NA,NA,NA,NA,"2","Neither adult has bands.",2022,120,NA,"No",1,129,-9,1,3,NA,NA,-9,33,1,-0.814658515731806,-1.1064928062009
"2022-06-01","MARTIN/ANDERSON",NA,3,NA,3,"2","Band three 22-23 day old nestlings.",2022,152,3,"No",1,129,23,2,3,23,129,23,33,1,0.52529943433702,0.493626570553126
"2022-06-06","MARTIN/ANDERSON",NA,NA,3,NA,"2"," All three nestlings have fledged.",2022,157,3,"No",1,129,28,3,3,NA,NA,28,33,1,0.734667864035274,0.743645223170944
"2023-04-22","MARTIN/ANDERSON",NA,NA,NA,NA,"2","Active. No bands on either bird.",2023,112,NA,"No",1,125,-13,1,2,NA,NA,NA,33,2,-0.982153259490409,NA
"2023-05-28","MARTIN/ANDERSON",NA,NA,NA,NA,"1","Female found deceased. Suspected predator not noted. No signs of male. Nest vacant.",2023,148,NA,"No",1,125,23,2,2,NA,NA,NA,33,2,0.52529943433702,NA
"2024-04-17","MARTIN/ANDERSON",NA,NA,NA,NA,"2","Nesting in nest structure.",2024,108,NA,"No",1,123,-15,1,4,NA,NA,-24,33,3,-1.06590063136971,-1.85654876405436
"2024-05-25","MARTIN/ANDERSON",NA,3,NA,NA,"2","Three nestlings, 14-15 d.o. Male delivers prey to female.",2024,146,3,"No",1,123,23,2,4,NA,NA,14,33,3,0.52529943433702,0.0435929958410553
"2024-06-01","MARTIN/ANDERSON",NA,3,NA,3,"2","Banded three female nestlings (22, 21, and 20 d.o.).",2024,153,3,"No",1,123,30,3,4,21,131,21,33,3,0.818415235914575,0.393619109505999
"2024-06-08","MARTIN/ANDERSON",NA,NA,3,NA,"2","Three fledglings in nest structure. Both parents in attendance.",2024,160,3,"No",1,123,37,4,4,NA,NA,28,33,3,1.11153103749213,0.743645223170944
"2022-04-25","MIDDLE PENS",NA,NA,NA,NA,"2","Male right: 1235-04016, male left, black E/I. Female: no bands.'",2022,115,NA,"No",1,129,-14,1,2,NA,NA,NA,34,1,-1.02402694543006,NA
"2022-06-20","MIDDLE PENS",2,NA,NA,NA,"0","Failed. Collected two addled eggs.",2022,171,NA,"Yes",0,129,42,2,2,NA,NA,NA,34,1,1.32089946719038,NA
"2023-04-19","MIDDLE PENS",NA,NA,NA,NA,"0","",2023,109,NA,"No",0,125,-16,1,1,NA,NA,NA,34,2,-1.10777431730936,NA
"2022-04-23","MIDDLE TOWER",NA,NA,NA,NA,"1","No male observed. Female banded, but not able to read.",2022,113,NA,"No",1,129,-16,1,2,NA,NA,NA,35,1,-1.10777431730936,NA
"2022-05-30","MIDDLE TOWER",NA,NA,NA,NA,"0","Nest vacant with no sign of use.",2022,150,NA,"No",0,129,21,2,2,NA,NA,NA,35,1,0.441552062457718,NA
"2023-04-26","MIDDLE TOWER",NA,NA,NA,NA,"1","Not occupied, lone female.",2023,116,NA,"No",1,125,-9,1,3,NA,NA,NA,35,2,-0.814658515731806,NA
"2023-05-31","MIDDLE TOWER",NA,NA,NA,NA,"0","",2023,151,NA,"No",0,125,26,2,3,NA,NA,NA,35,2,0.650920492155972,NA
"2023-07-14","MIDDLE TOWER",NA,NA,NA,NA,"2","Late pairing?",2023,195,NA,"No",1,125,70,3,3,NA,NA,NA,35,2,2.49336267350061,NA
"2024-04-20","MIDDLE TOWER",NA,NA,NA,NA,"2","",2024,111,NA,"No",1,123,-12,1,7,NA,NA,-6,35,3,-0.940279573550758,-0.956481614630214
"2024-04-25","MIDDLE TOWER",NA,NA,NA,NA,"1","",2024,116,NA,"No",1,123,-7,2,7,NA,NA,-1,35,3,-0.730911143852504,-0.706462962012396
"2024-05-09","MIDDLE TOWER",NA,1,NA,NA,"1","Appear to be nestlings inside nest structure. This one is difficult to see into, but I clearly see movement, and no facial markings suggesting an adult.",2024,130,1,"No",1,123,7,4,7,NA,NA,13,35,3,-0.144679540697393,-0.00641073468250811
"2024-05-23","MIDDLE TOWER",NA,3,NA,NA,"1","Three ~25 d.o. nestlings. Will band tomorrow with Andy and Elizabeth.",2024,144,3,"No",1,123,21,6,7,NA,NA,27,35,3,0.441552062457718,0.69364149264738
"2024-05-24","MIDDLE TOWER",NA,3,3,3,"2","Banded three young (2 male). Lots of mites, but otherwise healthy.",2024,145,3,"No",1,123,22,7,7,28,117,28,35,3,0.483425748397369,0.743645223170944
"2022-04-15","MUSTANG ISLAND (N)",NA,NA,NA,NA,"0","",2022,105,NA,"No",0,129,-24,1,2,NA,NA,NA,36,1,-1.44276380482657,NA
"2022-06-20","MUSTANG ISLAND (N)",NA,NA,3,NA,"2","Fledged three, fifty days old.",2022,171,3,"No",1,129,42,2,2,NA,NA,NA,36,1,1.32089946719038,NA
"2023-04-15","MUSTANG ISLAND (N)",NA,NA,NA,NA,"2","No bands on male, female incubating.",2023,105,NA,"No",1,125,-20,1,4,NA,NA,-11,36,2,-1.27526906106796,-1.20650026724803
"2023-04-21","MUSTANG ISLAND (N)",NA,NA,NA,NA,"2","Active.",2023,111,NA,"No",1,125,-14,2,4,NA,NA,-5,36,2,-1.02402694543006,-0.90647788410665
"2023-05-21","MUSTANG ISLAND (N)",NA,1,NA,NA,"2","One nestling observed in nest box.",2023,141,1,"No",1,125,16,3,4,NA,NA,25,36,2,0.232183632759464,0.593634031600253
"2023-05-24","MUSTANG ISLAND (N)",1,3,3,3,"2","Banded three nestlings, collected one addled egg.",2023,144,3,"Yes",1,125,19,4,4,28,116,28,36,2,0.357804690578417,0.743645223170944
"2024-04-15","MUSTANG ISLAND (N)",NA,NA,NA,NA,"2","Female in nest incubating.",2024,106,NA,"No",1,123,-17,1,6,NA,NA,-13,36,3,-1.14964800324901,-1.30650772829516
"2024-04-29","MUSTANG ISLAND (N)",NA,NA,NA,NA,"2","",2024,120,NA,"No",1,123,-3,2,6,NA,NA,1,36,3,-0.563416400093901,-0.60645550096527
"2024-05-22","MUSTANG ISLAND (N)",NA,4,NA,4,"2","Banded FOUR nestlings! All females. 21, 25, 25, 26 days old.",2024,143,4,"No",1,123,20,4,6,24,118,24,36,3,0.399678376518067,0.54363030107669
"2024-05-25","MUSTANG ISLAND (N)",NA,2,NA,NA,"2","Only two nestlings clearly visible, very likely a third. Unable to see the 4th, but 4 nestlings banded a few days ago and likely hiding.",2024,146,2,"No",1,123,23,5,6,NA,NA,27,36,3,0.52529943433702,0.69364149264738
"2024-05-29","MUSTANG ISLAND (N)",NA,NA,4,NA,"2","Four successful fledglings (28, 32, 32, 33 d.o.).",2024,150,4,"No",1,123,27,6,6,NA,NA,31,36,3,0.692794178095623,0.893656414741634
"2022-04-15","MUSTANG ISLAND (S)",NA,NA,NA,NA,"2","Male left: 804-17596, male right: black 2/6. Female right: 1005-28591, female left, black 7/B. Male is 2021 NPIP release, ""Squintz"". New territory.",2022,105,NA,"No",1,129,-24,1,2,NA,NA,NA,37,1,-1.44276380482657,NA
"2022-06-20","MUSTANG ISLAND (S)",NA,NA,NA,NA,"1","Single lone male. Left: 804-17596, right: BK 2/6. Obs time not recorded.",2022,171,NA,"No",1,129,42,2,2,NA,NA,NA,37,1,1.32089946719038,NA
"2023-04-15","MUSTANG ISLAND (S)",NA,NA,NA,NA,"2","Active and incubating ! Male right: BK 2/6, male left: 804-17596. Male is ""Squince"".",2023,105,NA,"No",1,125,-20,1,4,NA,NA,NA,37,2,-1.27526906106796,NA
"2023-04-21","MUSTANG ISLAND (S)",NA,NA,NA,NA,"2","Still active.",2023,111,NA,"No",1,125,-14,2,4,NA,NA,NA,37,2,-1.02402694543006,NA
"2023-05-21","MUSTANG ISLAND (S)",NA,NA,NA,NA,"0","Nest plundered, but suspected predator not noted.",2023,141,NA,"No",0,125,16,3,4,NA,NA,NA,37,2,0.232183632759464,NA
"2023-05-24","MUSTANG ISLAND (S)",NA,NA,NA,NA,"2","Occupied but failed.",2023,144,NA,"No",1,125,19,4,4,NA,NA,NA,37,2,0.357804690578417,NA
"2024-04-15","MUSTANG ISLAND (S)",NA,NA,NA,NA,"2","Female in nest incubating.",2024,106,NA,"No",1,123,-17,1,6,NA,NA,-9,37,3,-1.14964800324901,-1.1064928062009
"2024-04-29","MUSTANG ISLAND (S)",NA,NA,NA,NA,"2","Male is ""squints"". Hacked in 2021 by TBH. He hates grackles. Great bird.",2024,120,NA,"No",1,123,-3,2,6,NA,NA,5,37,3,-0.563416400093901,-0.406440578871016
"2024-05-22","MUSTANG ISLAND (S)",NA,3,NA,3,"2","Banded three, much more yellow than nestlings at MISP (N).",2024,143,3,"No",1,123,20,4,6,28,115,28,37,3,0.399678376518067,0.743645223170944
"2024-05-25","MUSTANG ISLAND (S)",NA,3,NA,NA,"2","Three nestlings visible.",2024,146,3,"No",1,123,23,5,6,NA,NA,31,37,3,0.52529943433702,0.893656414741634
"2024-05-29","MUSTANG ISLAND (S)",NA,NA,3,NA,"2","Three successful fledglings, looking great!",2024,150,3,"No",1,123,27,6,6,NA,NA,35,37,3,0.692794178095623,1.09367133683589
"2022-04-18","NINE MILE",NA,NA,NA,NA,"0","Power pole nests removed/destroyed.",2022,108,NA,"No",0,129,-21,1,1,NA,NA,NA,38,1,-1.31714274700762,NA
"2023-04-16","NINE MILE",NA,NA,NA,NA,"0","Not occupied.",2023,106,NA,"No",0,125,-19,1,1,NA,NA,NA,38,2,-1.23339537512831,NA
"2024-04-17","NINE MILE",NA,NA,NA,NA,"0","",2024,108,NA,"No",0,123,-15,1,1,NA,NA,NA,38,3,-1.06590063136971,NA
"2022-04-20","OLD PORT ISABEL RD",NA,NA,NA,NA,"0","WTHA nesting in yucca in used by APFAs prev year.",2022,110,NA,"No",0,129,-19,1,1,NA,NA,NA,39,1,-1.23339537512831,NA
"2023-04-23","OLD PORT ISABEL RD",NA,NA,NA,NA,"1","Lone male?",2023,113,NA,"No",1,125,-12,1,4,NA,NA,NA,39,2,-0.940279573550758,NA
"2023-04-28","OLD PORT ISABEL RD",NA,NA,NA,NA,"0","",2023,118,NA,"No",0,125,-7,2,4,NA,NA,NA,39,2,-0.730911143852504,NA
"2023-05-01","OLD PORT ISABEL RD",NA,NA,NA,NA,"0","",2023,121,NA,"No",0,125,-4,3,4,NA,NA,NA,39,2,-0.605290086033552,NA
"2023-05-03","OLD PORT ISABEL RD",NA,NA,NA,NA,"0","",2023,123,NA,"No",0,125,-2,4,4,NA,NA,NA,39,2,-0.52154271415425,NA
"2024-04-18","OLD PORT ISABEL RD",NA,NA,NA,NA,"0","",2024,109,NA,"No",0,123,-14,1,8,NA,NA,NA,39,3,-1.02402694543006,NA
"2024-04-26","OLD PORT ISABEL RD",NA,NA,NA,NA,"0","",2024,117,NA,"No",0,123,-6,3,8,NA,NA,NA,39,3,-0.689037457912853,NA
"2024-05-08","OLD PORT ISABEL RD",NA,NA,NA,NA,"0","",2024,129,NA,"No",0,123,6,4,8,NA,NA,NA,39,3,-0.186553226637044,NA
"2024-06-07","OLD PORT ISABEL RD",NA,NA,NA,NA,"0","",2024,159,NA,"No",0,123,36,6,8,NA,NA,NA,39,3,1.06965735155248,NA
"2024-06-10","OLD PORT ISABEL RD",NA,NA,NA,NA,"0","Driving N.",2024,162,NA,"No",0,123,39,8,8,NA,NA,NA,39,3,1.19527840937143,NA
"2022-04-20","PORT MART",NA,NA,NA,NA,"2","Occupied and active.",2022,110,NA,"No",1,129,-19,1,3,NA,NA,-19,40,1,-1.23339537512831,-1.60653011143654
"2022-05-31","PORT MART",1,3,NA,3,"2","Banded three nestlings and collected one addled egg. Female right: 1005-28543, left BK 7/P. Male right: 804-17517, male left: BK/GR A/M",2022,151,3,"Yes",1,129,22,2,3,22,129,22,40,1,0.483425748397369,0.443622840029563
"2022-06-06","PORT MART",NA,NA,3,NA,"1","One adult bird obs. No sex noted. Three fledglings present.",2022,157,3,"No",1,129,28,3,3,NA,NA,28,40,1,0.734667864035274,0.743645223170944
"2023-04-18","PORT MART",NA,NA,NA,NA,"2","Occupied and incubating. Male right: 804-17517, male left: BK/GR A/M.",2023,108,NA,"No",1,125,-17,1,5,NA,NA,-20,40,2,-1.14964800324901,-1.6565338419601
"2023-05-05","PORT MART",NA,NA,NA,NA,"2","Incubating or brooding?",2023,125,NA,"No",1,125,0,2,5,NA,NA,-3,40,2,-0.437795342274949,-0.806470423059523
"2023-05-22","PORT MART",NA,2,NA,NA,"2","Two, possibly three, young.",2023,142,2,"No",1,125,17,3,5,NA,NA,14,40,2,0.274057318699115,0.0435929958410553
"2023-05-30","PORT MART",NA,2,NA,2,"2","Banded two nestlings.",2023,150,2,"No",1,125,25,4,5,22,127,22,40,2,0.609046806216321,0.443622840029563
"2023-06-05","PORT MART",NA,NA,2,NA,"2","",2023,156,2,"No",1,125,31,5,5,NA,NA,28,40,2,0.860288921854226,0.743645223170944
"2024-04-16","PORT MART",NA,NA,NA,NA,"2","Nesting in nest structure.",2024,107,NA,"No",1,123,-16,1,6,NA,NA,-21,40,3,-1.10777431730936,-1.70653757248367
"2024-04-23","PORT MART",NA,NA,NA,NA,"2","",2024,114,NA,"No",1,123,-9,2,6,NA,NA,-14,40,3,-0.814658515731806,-1.35651145881872
"2024-05-13","PORT MART",NA,1,NA,NA,"2","Likely more than one chick, but I can only see a single head pop up every few minutes.",2024,134,1,"No",1,123,11,4,6,NA,NA,6,40,3,0.0228152030612102,-0.356436848347452
"2024-05-28","PORT MART",NA,2,NA,2,"2","Banded two 21 day old nestlings. One male (O over P) and one female (U over O). ",2024,149,2,"No",1,123,26,5,6,21,128,21,40,3,0.650920492155972,0.393619109505999
"2024-06-04","PORT MART",NA,NA,2,NA,"2","Two nestlings in NE corner of nest structure.",2024,156,2,"No",1,123,33,6,6,NA,NA,28,40,3,0.944036293733528,0.743645223170944
"2022-04-30","PP-1",NA,NA,NA,NA,"0","Vacant.",2022,120,NA,"No",0,129,-9,1,1,NA,NA,NA,41,1,-0.814658515731806,NA
"2023-04-23","PP-1",NA,NA,NA,NA,"1","Lone female.",2023,113,NA,"No",1,125,-12,1,1,NA,NA,NA,41,2,-0.940279573550758,NA
"2024-04-17","PP-1",NA,NA,NA,NA,"0","",2024,108,NA,"No",0,123,-15,1,1,NA,NA,NA,41,3,-1.06590063136971,NA
"2022-04-21","PP-2",NA,NA,NA,NA,"2","Occupied and active.",2022,111,NA,"No",1,129,-18,1,3,NA,NA,NA,42,1,-1.19152168918866,NA
"2022-06-01","PP-2",NA,NA,2,0,"2","Two ""fledged"" APFA, 30-32 days old. Female right: 1005-28504, female left: GR/BK A/3.",2022,152,2,"No",1,129,23,2,3,NA,NA,NA,42,1,0.52529943433702,NA
"2022-06-04","PP-2",NA,NA,2,NA,"2","",2022,155,2,"No",1,129,26,3,3,NA,NA,NA,42,1,0.650920492155972,NA
"2023-05-29","PP-2",NA,1,NA,NA,"2","One nestling visible.",2023,149,1,"No",1,125,24,1,4,NA,NA,NA,42,2,0.56717312027667,NA
"2023-05-30","PP-2",NA,1,NA,NA,"2","Still only one nestling observed.",2023,150,1,"No",1,125,25,2,4,NA,NA,NA,42,2,0.609046806216321,NA
"2023-06-14","PP-2",NA,NA,NA,NA,"2","Appears to have nestlings, but have not obs yet.",2023,165,NA,"No",1,125,40,3,4,NA,NA,NA,42,2,1.23715209531108,NA
"2023-06-14","PP-2",NA,NA,1,NA,"2","Succesfully fledged 1.",2023,165,1,"No",1,125,40,4,4,NA,NA,NA,42,2,1.23715209531108,NA
"2024-04-18","PP-2",NA,NA,NA,NA,"2","Nesting on powerpole #35.",2024,109,NA,"No",1,123,-14,1,8,NA,NA,NA,42,3,-1.02402694543006,NA
"2024-04-25","PP-2",NA,NA,NA,NA,"1","Female fidgety. Possibly has nestlings, but difficult to say at this distance.",2024,116,NA,"No",1,123,-7,3,8,NA,NA,NA,42,3,-0.730911143852504,NA
"2024-04-26","PP-2",NA,NA,NA,NA,"1","",2024,117,NA,"No",1,123,-6,4,8,NA,NA,NA,42,3,-0.689037457912853,NA
"2024-05-13","PP-2",NA,NA,NA,NA,"1","Female is perched on 60' pole E of nest structure. Don't see male atm. Behavior and date suggests they may have nestlings, hence the ""unk"" under $nestlings",2024,134,NA,"No",1,123,11,6,8,NA,NA,NA,42,3,0.0228152030612102,NA
"2024-05-31","PP-2",NA,NA,1,NA,"2","One fledgling located. Likely more in area, do not want to attract too much attention. Both adults perched nearby.",2024,152,1,"No",1,123,29,8,8,NA,NA,NA,42,3,0.776541549974924,NA
"2022-04-21","PP-3",NA,NA,NA,NA,"2","Occupied and active.",2022,111,NA,"No",1,129,-18,1,3,NA,NA,NA,43,1,-1.19152168918866,NA
"2022-06-01","PP-3",NA,1,NA,NA,"2","One or more ~30 day old nestlings observed. Female: no bands, Male right: 804-17534, male left: BK/GR E/W",2022,152,1,"No",1,129,23,2,3,NA,NA,NA,43,1,0.52529943433702,NA
"2022-06-04","PP-3",NA,NA,2,NA,"2","Two fledged.",2022,155,2,"No",1,129,26,3,3,NA,NA,NA,43,1,0.650920492155972,NA
"2023-04-27","PP-3",NA,NA,NA,NA,"1","Female in nest incubating.",2023,117,NA,"No",1,125,-8,1,4,NA,NA,NA,43,2,-0.772784829792155,NA
"2023-04-28","PP-3",NA,NA,NA,NA,"2","Active and incubating.",2023,118,NA,"No",1,125,-7,2,4,NA,NA,NA,43,2,-0.730911143852504,NA
"2023-05-29","PP-3",NA,NA,NA,NA,"2","Appears to still be active.",2023,149,NA,"No",1,125,24,3,4,NA,NA,NA,43,2,0.56717312027667,NA
"2023-05-30","PP-3",NA,NA,NA,NA,"2","Nest does not appear to be active.",2023,150,NA,"No",1,125,25,4,4,NA,NA,NA,43,2,0.609046806216321,NA
"2024-04-18","PP-3",NA,NA,NA,NA,"2","Nesting on powerpole #46",2024,109,NA,"No",1,123,-14,1,10,NA,NA,NA,43,3,-1.02402694543006,NA
"2024-04-25","PP-3",NA,NA,NA,NA,"2","",2024,116,NA,"No",1,123,-7,3,10,NA,NA,NA,43,3,-0.730911143852504,NA
"2024-05-06","PP-3",NA,NA,NA,NA,"2","",2024,127,NA,"No",1,123,4,6,10,NA,NA,NA,43,3,-0.270300598516345,NA
"2024-05-25","PP-3",NA,NA,3,NA,"2","Three 30-32 d.o. fledglings observed (2 male). Male an impressive hunter, as observed earlier in season by BM. Brings female small plucked bird.",2024,146,3,"No",1,123,23,8,10,NA,NA,NA,43,3,0.52529943433702,NA
"2024-05-31","PP-3",NA,NA,1,NA,"2","One fledgling perched on ground, on small log near barbed wire fence. I scan a lot for others, but unable to locate any.",2024,152,1,"No",1,123,29,10,10,NA,NA,NA,43,3,0.776541549974924,NA
"2022-04-18","PP-4",NA,NA,NA,NA,"2","Male right: 804-17542, male left: black/red, H/M. Female unbanded.",2022,108,NA,"No",1,129,-21,1,4,NA,NA,NA,44,1,-1.31714274700762,NA
"2022-04-29","PP-4",NA,NA,NA,NA,"2","Pair active.",2022,119,NA,"No",1,129,-10,2,4,NA,NA,NA,44,1,-0.856532201671456,NA
"2022-05-27","PP-4",NA,NA,1,NA,"1","29-30 day old nestling obs in nest.",2022,147,1,"No",1,129,18,3,4,NA,NA,NA,44,1,0.315931004638766,NA
"2022-05-28","PP-4",NA,NA,1,1,"2","Banded one ""fledged"" bird.",2022,148,1,"No",1,129,19,4,4,NA,NA,NA,44,1,0.357804690578417,NA
"2023-04-16","PP-4",NA,NA,NA,NA,"2","Occupied and incubating. Female has no bands. Male right: 804-17542, male left: BK/RE H/M.",2023,106,NA,"No",1,125,-19,1,3,NA,NA,NA,44,2,-1.23339537512831,NA
"2023-05-27","PP-4",NA,NA,3,NA,"0","Three fledglings, no adults noted.",2023,147,3,"No",0,125,22,2,3,NA,NA,NA,44,2,0.483425748397369,NA
"2023-05-28","PP-4",NA,NA,3,NA,"1","Three have fledged.",2023,148,3,"No",1,125,23,3,3,NA,NA,NA,44,2,0.52529943433702,NA
"2024-04-18","PP-4",NA,NA,NA,NA,"2","Nesting on cell tower.",2024,109,NA,"No",1,123,-14,1,13,NA,NA,NA,44,3,-1.02402694543006,NA
"2024-04-28","PP-4",NA,NA,NA,NA,"0","",2024,119,NA,"No",0,123,-4,4,13,NA,NA,NA,44,3,-0.605290086033552,NA
"2024-05-05","PP-4",NA,NA,NA,NA,"0","",2024,126,NA,"No",0,123,3,7,13,NA,NA,NA,44,3,-0.312174284455996,NA
"2024-05-30","PP-4",NA,NA,NA,NA,"2","Do not observe any nestlings or fledglings. Both adults perched on PP ""4 poles to the SE"".",2024,151,NA,"No",1,123,28,10,13,NA,NA,NA,44,3,0.734667864035274,NA
"2024-06-13","PP-4",NA,NA,NA,NA,"0","Have not seen an ad or fledgling AF here for a week or so.",2024,165,NA,"No",0,123,42,13,13,NA,NA,NA,44,3,1.32089946719038,NA
"2022-04-20","PP-5",NA,NA,NA,NA,"0","Heavy woody encroachment.",2022,110,NA,"No",0,129,-19,1,2,NA,NA,NA,45,1,-1.23339537512831,NA
"2022-05-02","PP-5",NA,NA,NA,NA,"0","",2022,122,NA,"No",0,129,-7,2,2,NA,NA,NA,45,1,-0.730911143852504,NA
"2023-06-01","PP-5",NA,NA,NA,NA,"0","",2023,152,NA,"No",0,125,27,1,1,NA,NA,NA,45,2,0.692794178095623,NA
"2024-04-21","PP-5",NA,NA,NA,NA,"0","",2024,112,NA,"No",0,123,-11,1,1,NA,NA,NA,45,3,-0.898405887611107,NA
"2022-05-02","PP-6",NA,NA,NA,NA,"0","",2022,122,NA,"No",0,129,-7,1,1,NA,NA,NA,46,1,-0.730911143852504,NA
"2023-04-27","PP-6",NA,NA,NA,NA,"0","",2023,117,NA,"No",0,125,-8,1,2,NA,NA,NA,46,2,-0.772784829792155,NA
"2023-06-01","PP-6",NA,NA,NA,NA,"0","",2023,152,NA,"No",0,125,27,2,2,NA,NA,NA,46,2,0.692794178095623,NA
"2022-04-20","PP-7",NA,NA,NA,NA,"2","Male right: 804-25096, male left black 4/1. Female remains incubating.",2022,110,NA,"No",1,129,-19,1,5,NA,NA,NA,47,1,-1.23339537512831,NA
"2022-04-30","PP-7",NA,NA,NA,NA,"2","Pairing aggresively stooping passing TUVU.",2022,120,NA,"No",1,129,-9,2,5,NA,NA,NA,47,1,-0.814658515731806,NA
"2022-05-31","PP-7",NA,2,NA,NA,"1","Two nestlings ~18 days old. Female right 1115-13-530, female left RE RH",2022,151,2,"No",1,129,22,3,5,NA,NA,NA,47,1,0.483425748397369,NA
"2022-06-05","PP-7",NA,2,NA,2,"2","Banded two nestlings.",2022,156,2,"No",1,129,27,4,5,NA,NA,NA,47,1,0.692794178095623,NA
"2022-06-09","PP-7",NA,NA,2,NA,"0","Both fledglings observed. Obs time not noted.",2022,160,2,"No",0,129,31,5,5,NA,NA,NA,47,1,0.860288921854226,NA
"2023-04-23","PP-7",NA,NA,NA,NA,"0","",2023,113,NA,"No",0,125,-12,1,2,NA,NA,NA,47,2,-0.940279573550758,NA
"2023-05-01","PP-7",NA,NA,NA,NA,"0","",2023,121,NA,"No",0,125,-4,2,2,NA,NA,NA,47,2,-0.605290086033552,NA
"2024-04-17","PP-7",NA,NA,NA,NA,"0","WTH perched on nest structure.",2024,108,NA,"No",0,123,-15,1,6,NA,NA,NA,47,3,-1.06590063136971,NA
"2024-04-25","PP-7",NA,NA,NA,NA,"1","Possibly same S AF female just seen at Old Port Isabell Rd.",2024,116,NA,"No",1,123,-7,2,6,NA,NA,NA,47,3,-0.730911143852504,NA
"2024-05-08","PP-7",NA,NA,NA,NA,"0","",2024,129,NA,"No",0,123,6,4,6,NA,NA,NA,47,3,-0.186553226637044,NA
"2024-06-07","PP-7",NA,NA,NA,NA,"0","Same as above.",2024,159,NA,"No",0,123,36,5,6,NA,NA,NA,47,3,1.06965735155248,NA
"2024-06-10","PP-7",NA,NA,NA,NA,"0","",2024,162,NA,"No",0,123,39,6,6,NA,NA,NA,47,3,1.19527840937143,NA
"2022-04-28","RAILROAD TIE",2,NA,NA,NA,"2","Occupied and active.",2022,118,NA,"No",1,129,-11,1,3,NA,NA,-5,48,1,-0.898405887611107,-0.90647788410665
"2022-05-26","RAILROAD TIE",1,1,NA,1,"2","Banded one 23 day old nestling, collected one addled egg.",2022,146,1,"Yes",1,129,17,2,3,23,123,23,48,1,0.274057318699115,0.493626570553126
"2022-06-02","RAILROAD TIE",NA,NA,1,NA,"2","One fledged.",2022,153,1,"No",1,129,24,3,3,NA,NA,30,48,1,0.56717312027667,0.843652684218071
"2023-04-20","RAILROAD TIE",NA,NA,NA,NA,"2","Male right: 1004-22504, male left BK 1/S.",2023,110,NA,"No",1,125,-15,1,6,NA,NA,-21,48,2,-1.06590063136971,-1.70653757248367
"2023-04-20","RAILROAD TIE",NA,NA,NA,NA,"1","Falcon leaves nest structure at approach, incubating. Sex not indicated in notes.",2023,110,NA,"No",1,125,-15,2,6,NA,NA,-21,48,2,-1.06590063136971,-1.70653757248367
"2023-05-23","RAILROAD TIE",NA,NA,NA,NA,"2","Active.",2023,143,NA,"No",1,125,18,4,6,NA,NA,12,48,2,0.315931004638766,-0.0564144652060716
"2023-06-06","RAILROAD TIE",NA,1,NA,1,"1","Banded one nestling.",2023,157,1,"No",1,125,32,5,6,26,131,26,48,2,0.902162607793877,0.643637762123817
"2023-07-20","RAILROAD TIE",NA,NA,1,NA,"0","",2023,201,1,"No",0,125,76,6,6,NA,NA,70,48,2,2.74460478913851,2.84380190516061
"2024-04-30","RAILROAD TIE",NA,NA,NA,NA,"2","",2024,121,NA,"No",1,123,-2,1,3,NA,NA,NA,48,3,-0.52154271415425,NA
"2024-05-21","RAILROAD TIE",1,2,NA,NA,"1","Two just hatched nestlings, one unhatched egg. One nestling still wet.",2024,142,2,"No",1,123,19,2,3,NA,NA,NA,48,3,0.357804690578417,NA
"2024-05-30","RAILROAD TIE",1,2,NA,NA,"2","Two nestlings (10 d.o.), one addled egg collected (1.1.10.24)",2024,151,2,"Yes",1,123,28,3,3,NA,NA,NA,48,3,0.734667864035274,NA
"2022-04-23","REFUGE BOUNDARY",3,NA,NA,NA,"2","Male: no bands, female right: 115-13259, female left: black 1P",2022,113,NA,"No",1,129,-16,1,5,NA,NA,-23,49,1,-1.10777431730936,-1.80654503353079
"2022-05-30","REFUGE BOUNDARY",NA,3,NA,NA,"1","Three nestlings (10-12 days old) obs in LANWR structure.",2022,150,3,"No",1,129,21,2,5,NA,NA,14,49,1,0.441552062457718,0.0435929958410553
"2022-06-06","REFUGE BOUNDARY",NA,2,NA,NA,"2","Active and brooding.",2022,157,2,"No",1,129,28,3,5,NA,NA,21,49,1,0.734667864035274,0.393619109505999
"2022-06-07","REFUGE BOUNDARY",NA,3,NA,3,"1","Banded three nestlings. ",2022,158,3,"No",1,129,29,4,5,22,136,22,49,1,0.776541549974924,0.443622840029563
"2022-06-21","REFUGE BOUNDARY",NA,NA,3,NA,"2","Fledged three.",2022,172,3,"No",1,129,43,5,5,NA,NA,36,49,1,1.36277315313004,1.14367506735945
"2023-04-21","REFUGE BOUNDARY",NA,NA,NA,NA,"2","Time falcons were first observed is not indicated in notes.",2023,111,NA,"No",1,125,-14,1,5,NA,NA,NA,49,2,-1.02402694543006,NA
"2023-05-26","REFUGE BOUNDARY",NA,2,NA,NA,"2","Will band two nestlings tomorrow.",2023,146,2,"No",1,125,21,2,5,NA,NA,NA,49,2,0.441552062457718,NA
"2023-05-27","REFUGE BOUNDARY",NA,2,NA,2,"2","Banded two nestlings. Filmed for, ""Chasing The Tides"" series.",2023,147,2,"No",1,125,22,3,5,NA,NA,NA,49,2,0.483425748397369,NA
"2023-05-31","REFUGE BOUNDARY",NA,NA,2,NA,"1","Two fledgled. Sex of adult not indicated.",2023,151,2,"No",1,125,26,4,5,NA,NA,NA,49,2,0.650920492155972,NA
"2023-07-14","REFUGE BOUNDARY",NA,NA,2,NA,"0","",2023,195,2,"No",0,125,70,5,5,NA,NA,NA,49,2,2.49336267350061,NA
"2024-04-20","REFUGE BOUNDARY",NA,NA,NA,NA,"2","",2024,111,NA,"No",1,123,-12,1,9,NA,NA,NA,49,3,-0.940279573550758,NA
"2024-05-09","REFUGE BOUNDARY",NA,2,NA,NA,"2","2-3 chicks have hatched! Difficult to distinguish individuals within white downy mass.",2024,130,2,"No",1,123,7,3,9,NA,NA,NA,49,3,-0.144679540697393,NA
"2024-05-17","REFUGE BOUNDARY",NA,3,NA,NA,"0","Don't see adults, but rushing to get to Middle Tower to get some obs in before possible rain (need to confirm num chicks)",2024,138,3,"No",0,123,15,5,9,NA,NA,NA,49,3,0.190309946819813,NA
"2024-05-23","REFUGE BOUNDARY",NA,NA,NA,NA,"2","Remains of one young (<5 d.o.) nestling and two older (26-28 d.o.) nestlings found ond roof of nest structure and on ground, within 10 m. Appears to be a GHO.",2024,144,NA,"No",1,123,21,7,9,NA,NA,NA,49,3,0.441552062457718,NA
"2024-06-28","REFUGE BOUNDARY",NA,NA,NA,NA,"2","Both adults on 2x2 (refuge side).",2024,180,NA,"No",1,123,57,9,9,NA,NA,NA,49,3,1.94900475628515,NA
"2022-04-28","ROCKET LAUNCHER",3,NA,NA,NA,"2","Three eggs in nest structure.",2022,118,NA,"No",1,129,-11,1,4,NA,NA,-2,50,1,-0.898405887611107,-0.75646669253596
"2022-05-26","ROCKET LAUNCHER",NA,2,NA,2,"2","Banded two 26 day old nestlings.",2022,146,2,"No",1,129,17,2,4,26,120,26,50,1,0.274057318699115,0.643637762123817
"2022-06-02","ROCKET LAUNCHER",NA,NA,1,NA,"2","One fledgling visible, possibly another based off of adult behavior.",2022,153,1,"No",1,129,24,3,4,NA,NA,33,50,1,0.56717312027667,0.993663875788761
"2022-06-02","ROCKET LAUNCHER",NA,NA,2,NA,"0","Located 2nd fledgling.",2022,153,2,"No",0,129,24,4,4,NA,NA,33,50,1,0.56717312027667,0.993663875788761
"2023-04-20","ROCKET LAUNCHER",NA,NA,NA,NA,"2","",2023,110,NA,"No",1,125,-15,1,5,NA,NA,-9,50,2,-1.06590063136971,-1.1064928062009
"2023-04-20","ROCKET LAUNCHER",NA,NA,NA,NA,"1","Female in nest incubating.",2023,110,NA,"No",1,125,-15,2,5,NA,NA,-9,50,2,-1.06590063136971,-1.1064928062009
"2023-05-23","ROCKET LAUNCHER",NA,3,NA,3,"2","Brooding three.",2023,143,3,"No",1,125,18,3,5,24,119,24,50,2,0.315931004638766,0.54363030107669
"2023-06-06","ROCKET LAUNCHER",NA,NA,2,NA,"1","Fledged two. Only male ad obs.",2023,157,2,"No",1,125,32,4,5,NA,NA,38,50,2,0.902162607793877,1.24368252840658
"2023-07-20","ROCKET LAUNCHER",NA,NA,NA,NA,"1","Distant falcon obs, cannot determine sex.",2023,201,NA,"No",1,125,76,5,5,NA,NA,82,50,2,2.74460478913851,3.44384667144337
"2024-04-30","ROCKET LAUNCHER",NA,NA,NA,NA,"2","",2024,121,NA,"No",1,123,-2,1,3,NA,NA,1,50,3,-0.52154271415425,-0.60645550096527
"2024-05-21","ROCKET LAUNCHER",NA,3,NA,3,"2","Banded two female and one male nestling.",2024,142,3,"No",1,123,19,2,3,22,120,22,50,3,0.357804690578417,0.443622840029563
"2024-05-30","ROCKET LAUNCHER",NA,NA,3,NA,"2","3 fledglings (32, 31, 31 d.o.). Two females.",2024,151,3,"No",1,123,28,3,3,NA,NA,31,50,3,0.734667864035274,0.893656414741634
"2022-04-18","SHRIMP FARM",NA,NA,NA,NA,"0","Posslible APFA perched on nest structure. Obs at distance.",2022,108,NA,"No",0,129,-21,1,3,NA,NA,NA,51,1,-1.31714274700762,NA
"2022-04-22","SHRIMP FARM",0,NA,NA,NA,"2","Male right: 804-17578, male left: black 0/0. Female right: 1005-13245, female left: black 4/C. Unclear if active, no eggs in nest.",2022,112,NA,"No",1,129,-17,2,3,NA,NA,NA,51,1,-1.14964800324901,NA
"2022-06-03","SHRIMP FARM",NA,NA,NA,NA,"0","Vacant now.",2022,154,NA,"No",0,129,25,3,3,NA,NA,NA,51,1,0.609046806216321,NA
"2023-04-16","SHRIMP FARM",NA,NA,NA,NA,"2","Occupied, does not appear active.",2023,106,NA,"No",1,125,-19,1,4,NA,NA,NA,51,2,-1.23339537512831,NA
"2023-05-03","SHRIMP FARM",NA,NA,NA,NA,"2","",2023,123,NA,"No",1,125,-2,2,4,NA,NA,NA,51,2,-0.52154271415425,NA
"2023-05-31","SHRIMP FARM",NA,NA,NA,NA,"0","",2023,151,NA,"No",0,125,26,3,4,NA,NA,NA,51,2,0.650920492155972,NA
"2023-07-14","SHRIMP FARM",NA,NA,NA,NA,"2","",2023,195,NA,"No",1,125,70,4,4,NA,NA,NA,51,2,2.49336267350061,NA
"2024-04-16","SHRIMP FARM",NA,NA,NA,NA,"2","Old female, may be infertile.",2024,107,NA,"No",1,123,-16,1,3,NA,NA,NA,51,3,-1.10777431730936,NA
"2024-04-21","SHRIMP FARM",NA,NA,NA,NA,"2","",2024,112,NA,"No",1,123,-11,2,3,NA,NA,NA,51,3,-0.898405887611107,NA
"2024-06-08","SHRIMP FARM",NA,NA,NA,NA,"0","Nest structure barren, and I did not observe any adult AFs.",2024,160,NA,"No",0,123,37,3,3,NA,NA,NA,51,3,1.11153103749213,NA
"2022-04-28","SOUTH TOWER",NA,NA,NA,NA,"0","Vacant.",2022,118,NA,"No",0,129,-11,1,2,NA,NA,NA,52,1,-0.898405887611107,NA
"2022-06-02","SOUTH TOWER",NA,NA,NA,NA,"0","Vacant.",2022,153,NA,"No",0,129,24,2,2,NA,NA,NA,52,1,0.56717312027667,NA
"2023-04-20","SOUTH TOWER",NA,NA,NA,NA,"2","Female right: 1235-04028, female left: BK 6/K. Male unbanded. Nest appears active.",2023,110,NA,"No",1,125,-15,1,3,NA,NA,NA,52,2,-1.06590063136971,NA
"2023-05-23","SOUTH TOWER",NA,NA,NA,NA,"0","",2023,143,NA,"No",0,125,18,2,3,NA,NA,NA,52,2,0.315931004638766,NA
"2023-07-20","SOUTH TOWER",NA,NA,NA,NA,"0","",2023,201,NA,"No",0,125,76,3,3,NA,NA,NA,52,2,2.74460478913851,NA
"2022-05-01","TAILING REDS",NA,NA,NA,NA,"0","",2022,121,NA,"No",0,129,-8,1,1,NA,NA,NA,53,1,-0.772784829792155,NA
"2023-04-25","TAILING REDS",NA,NA,NA,NA,"0","",2023,115,NA,"No",0,125,-10,1,1,NA,NA,NA,53,2,-0.856532201671456,NA
"2024-04-16","TAILING REDS",NA,NA,NA,NA,"0","",2024,107,NA,"No",0,123,-16,1,4,NA,NA,NA,53,3,-1.10777431730936,NA
"2024-05-30","TAILING REDS",NA,NA,NA,NA,"0","",2024,151,NA,"No",0,123,28,2,4,NA,NA,NA,53,3,0.734667864035274,NA
"2024-06-06","TAILING REDS",NA,NA,NA,NA,"0","",2024,158,NA,"No",0,123,35,3,4,NA,NA,NA,53,3,1.02778366561283,NA
"2024-06-09","TAILING REDS",NA,NA,NA,NA,"0","",2024,161,NA,"No",0,123,38,4,4,NA,NA,NA,53,3,1.15340472343178,NA
"2022-04-28","TALL POLE",3,NA,NA,NA,"2","Male right: 1004-22504, male left: black 1/5.",2022,118,NA,"No",1,129,-11,1,4,NA,NA,-8,54,1,-0.898405887611107,-1.05648907567734
"2022-05-26","TALL POLE",1,2,NA,2,"2","Female right: 1005-09082, female left: Gr/Bk 4/M. Male right: 1004-22504, male left: BK 1/5. Banded two 20 day old nestlings, collected 1 addled egg.",2022,146,2,"Yes",1,129,17,2,4,20,126,20,54,1,0.274057318699115,0.343615378982436
"2022-06-02","TALL POLE",NA,NA,2,NA,"1","Two fledglings visible.",2022,153,2,"No",1,129,24,3,4,NA,NA,27,54,1,0.56717312027667,0.69364149264738
"2022-06-17","TALL POLE",NA,NA,2,0,"2","All falcons accounted for.",2022,168,2,"No",1,129,39,4,4,NA,NA,42,54,1,1.19527840937143,1.44369745050083
"2023-04-20","TALL POLE",NA,NA,NA,NA,"1","Lone juv female.",2023,110,NA,"No",1,125,-15,1,5,NA,NA,NA,54,2,-1.06590063136971,NA
"2023-05-23","TALL POLE",NA,NA,NA,NA,"0","",2023,143,NA,"No",0,125,18,2,5,NA,NA,NA,54,2,0.315931004638766,NA
"2023-05-23","TALL POLE",NA,NA,NA,NA,"2","Occupied?",2023,143,NA,"No",1,125,18,3,5,NA,NA,NA,54,2,0.315931004638766,NA
"2023-06-06","TALL POLE",NA,NA,NA,NA,"2","Occupied, not nesting.",2023,157,NA,"No",1,125,32,4,5,NA,NA,NA,54,2,0.902162607793877,NA
"2023-07-20","TALL POLE",NA,NA,NA,NA,"0","",2023,201,NA,"No",0,125,76,5,5,NA,NA,NA,54,2,2.74460478913851,NA
"2024-04-30","TALL POLE",NA,NA,NA,NA,"2","",2024,121,NA,"No",1,123,-2,1,3,NA,NA,NA,54,3,-0.52154271415425,NA
"2024-05-21","TALL POLE",2,NA,NA,NA,"0","Abandoned and failed. No signs of predators climbing structure. Collected one egg shell and one addled egg.",2024,142,NA,"Yes",0,123,19,2,3,NA,NA,NA,54,3,0.357804690578417,NA
"2024-05-30","TALL POLE",NA,NA,NA,NA,"2","Occupied, but failed.",2024,151,NA,"No",1,123,28,3,3,NA,NA,NA,54,3,0.734667864035274,NA
"2022-04-18","TEN MILE",NA,NA,NA,NA,"2","Occupied and active.",2022,108,NA,"No",1,129,-21,1,6,NA,NA,NA,55,1,-1.31714274700762,NA
"2022-04-22","TEN MILE",NA,NA,NA,NA,"2","Occupied and active.",2022,112,NA,"No",1,129,-17,2,6,NA,NA,NA,55,1,-1.14964800324901,NA
"2022-05-27","TEN MILE",NA,NA,NA,NA,"1","One female obs brooding.",2022,147,NA,"No",1,129,18,4,6,NA,NA,NA,55,1,0.315931004638766,NA
"2022-06-03","TEN MILE",3,NA,NA,NA,"2","Eggs likely no good -- present on 22 April.",2022,154,NA,"No",1,129,25,5,6,NA,NA,NA,55,1,0.609046806216321,NA
"2022-06-22","TEN MILE",3,NA,NA,NA,"2","Failed. Collected three addled eggs.",2022,173,NA,"Yes",1,129,44,6,6,NA,NA,NA,55,1,1.40464683906969,NA
"2023-04-16","TEN MILE",NA,NA,NA,NA,"2","Neither bird banded. Occupied and active.",2023,106,NA,"No",1,125,-19,1,4,NA,NA,NA,55,2,-1.23339537512831,NA
"2023-05-28","TEN MILE",NA,NA,NA,NA,"1","Appears active. Not sure if incubating or brooding.",2023,148,NA,"No",1,125,23,2,4,NA,NA,NA,55,2,0.52529943433702,NA
"2023-05-30","TEN MILE",NA,NA,NA,NA,"2","Still appears active.",2023,150,NA,"No",1,125,25,3,4,NA,NA,NA,55,2,0.609046806216321,NA
"2023-06-01","TEN MILE",NA,NA,NA,NA,"0","Failed.",2023,152,NA,"No",0,125,27,4,4,NA,NA,NA,55,2,0.692794178095623,NA
"2024-04-17","TEN MILE",NA,NA,NA,NA,"1","Nesting in nest structure.",2024,108,NA,"No",1,123,-15,1,4,NA,NA,NA,55,3,-1.06590063136971,NA
"2024-05-06","TEN MILE",NA,NA,NA,NA,"0","Short visit before swapping trucks.",2024,127,NA,"No",0,123,4,2,4,NA,NA,NA,55,3,-0.270300598516345,NA
"2024-05-06","TEN MILE",NA,NA,NA,NA,"2","Female was incubating on previous visit. No eggs remaining in nest, and appears depredated.",2024,127,NA,"No",1,123,4,3,4,NA,NA,NA,55,3,-0.270300598516345,NA
"2024-05-25","TEN MILE",NA,NA,NA,NA,"1","Failed. Shell fragment found in nest box and on ground.",2024,146,NA,"No",1,123,23,4,4,NA,NA,NA,55,3,0.52529943433702,NA
"2023-06-02","UNIT 4",NA,NA,NA,NA,"0","",2023,153,NA,"No",0,125,28,1,1,NA,NA,NA,56,2,0.734667864035274,NA
"2022-04-25","VINSON SLOUGH",NA,NA,NA,NA,"0","Vacant",2022,115,NA,"No",0,129,-14,1,1,NA,NA,NA,57,1,-1.02402694543006,NA
"2023-04-19","VINSON SLOUGH",NA,NA,NA,NA,"0","",2023,109,NA,"No",0,125,-16,1,1,NA,NA,NA,57,2,-1.10777431730936,NA
"2022-04-27","WELDER FLATS",NA,NA,NA,NA,"0","Swapped memory card.",2022,117,NA,"No",0,129,-12,1,1,NA,NA,NA,58,1,-0.940279573550758,NA
"2023-07-20","WELDER FLATS",NA,NA,NA,NA,"0","",2023,201,NA,"No",0,125,76,1,1,NA,NA,NA,58,2,2.74460478913851,NA
"2022-04-28","WELLHEAD",NA,NA,NA,NA,"0","Pair seen last trip may have been 2021 Haus Corral birds.",2022,118,NA,"No",0,129,-11,1,1,NA,NA,NA,59,1,-0.898405887611107,NA
"2023-04-20","WELLHEAD",NA,NA,NA,NA,"2","Male right: 804-17599, male left: BK 1/E. Female right: 1235-04011, female left: BK 5/K.",2023,110,NA,"No",1,125,-15,1,3,NA,NA,NA,59,2,-1.06590063136971,NA
"2023-05-23","WELLHEAD",NA,NA,NA,NA,"2","Occupied, but not nesting.",2023,143,NA,"No",1,125,18,2,3,NA,NA,NA,59,2,0.315931004638766,NA
"2023-06-06","WELLHEAD",NA,NA,NA,NA,"0","",2023,157,NA,"No",0,125,32,3,3,NA,NA,NA,59,2,0.902162607793877,NA
"2024-04-30","WELLHEAD",NA,NA,NA,NA,"0","",2024,121,NA,"No",0,123,-2,1,1,NA,NA,NA,59,3,-0.52154271415425,NA
"2022-04-18","YTURRIA",NA,NA,NA,NA,"0","No APFA observed.",2022,108,NA,"No",0,129,-21,1,1,NA,NA,NA,60,1,-1.31714274700762,NA
"2023-04-16","YTURRIA",NA,NA,NA,NA,"0","Nada.",2023,106,NA,"No",0,125,-19,1,4,NA,NA,NA,60,2,-1.23339537512831,NA
"2023-05-02","YTURRIA",NA,NA,NA,NA,"0","",2023,122,NA,"No",0,125,-3,2,4,NA,NA,NA,60,2,-0.563416400093901,NA
"2023-06-01","YTURRIA",NA,NA,NA,NA,"1","Lone female.",2023,152,NA,"No",1,125,27,3,4,NA,NA,NA,60,2,0.692794178095623,NA
"2023-07-14","YTURRIA",NA,NA,NA,NA,"0","",2023,195,NA,"No",0,125,70,4,4,NA,NA,NA,60,2,2.49336267350061,NA
"2024-04-18","YTURRIA",NA,NA,NA,NA,"0","",2024,109,NA,"No",0,123,-14,1,10,NA,NA,NA,60,3,-1.02402694543006,NA
"2024-04-28","YTURRIA",NA,NA,NA,NA,"0","Investigating eBird reports of AF behind ecotourism center.",2024,119,NA,"No",0,123,-4,3,10,NA,NA,NA,60,3,-0.605290086033552,NA
"2024-05-15","YTURRIA",NA,NA,NA,NA,"0","",2024,136,NA,"No",0,123,13,6,10,NA,NA,NA,60,3,0.106562574940512,NA
"2024-06-06","YTURRIA",NA,NA,NA,NA,"0","",2024,158,NA,"No",0,123,35,8,10,NA,NA,NA,60,3,1.02778366561283,NA
"2024-06-13","YTURRIA",NA,NA,NA,NA,"0","",2024,165,NA,"No",0,123,42,10,10,NA,NA,NA,60,3,1.32089946719038,NA
"2022-04-18","YTURRIA (E)",NA,NA,NA,NA,"0","Nada.",2022,108,NA,"No",0,129,-21,1,1,NA,NA,NA,61,1,-1.31714274700762,NA
"2023-06-01","YTURRIA (E)",NA,NA,NA,NA,"0","",2023,152,NA,"No",0,125,27,1,1,NA,NA,NA,61,2,0.692794178095623,NA
